INSERT INTO public.categories ("name") VALUES
	 ('еда'),
	 ('напитки'),
	 ('вещи'),
	 ('Спорт'),
	 ('вода'),
	 ('пиво'),
	 ('eда');



INSERT INTO public.deliveries (supplier_id,delivery_date) VALUES
	 (1,'2023-09-01'),
	 (2,'2023-09-05'),
	 (3,'2023-09-15'),
	 (1,'2024-11-03'),
	 (11,'2024-11-03'),
	 (11,'2024-11-03'),
	 (11,'2024-11-03'),
	 (11,'2024-11-03'),
	 (11,'2024-11-03'),
	 (11,'2024-11-03');
INSERT INTO public.deliveries (supplier_id,delivery_date) VALUES
	 (11,'2024-11-03'),
	 (1,'2024-12-01'),
	 (1,'2024-12-01'),
	 (1,'2024-12-01'),
	 (1,'2024-12-01'),
	 (14,'2024-12-01'),
	 (14,'2024-12-01'),
	 (14,'2024-12-01'),
	 (14,'2024-12-01');





INSERT INTO public.delivery_contents (delivery_id,barcode,quantity) VALUES
	 (1,'123456789012',5),
	 (2,'345678901234',5),
	 (2,'456789012345',5),
	 (2,'567890123456',5),
	 (3,'678901234567',5),
	 (3,'890123456789',5),
	 (3,'012345678901',5),
	 (3,'789012345678',3),
	 (1,'234567890123',4),
	 (3,'901234567890',4);
INSERT INTO public.delivery_contents (delivery_id,barcode,quantity) VALUES
	 (11,'43143',5),
	 (11,'4334',5),
	 (11,'123456789012',5),
	 (11,'232232',5),
	 (19,'323243',4),
	 (19,'323243',4),
	 (19,'555',5);





INSERT INTO public.price_audit (barcode,old_price,new_price,update_time) VALUES
	 ('123456789012',55,56,'2024-11-22 23:22:42.722868'),
	 ('123456789012',56,55,'2024-11-23 23:35:34.147782');





INSERT INTO public.prices (barcode,start_date,end_date,price) VALUES
	 ('234567890123','2024-11-01',NULL,45.0),
	 ('345678901234','2024-11-01',NULL,60.0),
	 ('456789012345','2024-11-01',NULL,80.0),
	 ('567890123456','2024-11-01',NULL,70.0),
	 ('678901234567','2024-11-01',NULL,90.0),
	 ('789012345678','2024-11-01',NULL,50.0),
	 ('890123456789','2024-11-01',NULL,100.0),
	 ('901234567890','2024-11-01',NULL,120.0),
	 ('012345678901','2024-11-01',NULL,55.0),
	 ('232232','2024-11-01',NULL,55);
INSERT INTO public.prices (barcode,start_date,end_date,price) VALUES
	 ('23223','2024-12-01',NULL,55),
	 ('3434','2024-11-01',NULL,55),
	 ('323243','2024-12-01',NULL,55),
	 ('123456789012','2024-11-03',NULL,55),
	 ('555','2024-11-11',NULL,555);




INSERT INTO public.products (barcode,"name",package_size,weight,category_id) VALUES
	 ('123456789012','Шоколадный батончик "Snickers"','0.1*0.05*0.01',50.0,1),
	 ('234567890123','Газировка "Coca-Cola"','0.25*0.25*0.35',500.0,2),
	 ('345678901234','Чипсы "Lays"','0.2*0.15*0.05',150.0,1),
	 ('456789012345','Шоколад "Milka"','0.2*0.1*0.02',100.0,1),
	 ('567890123456','Печенье "Oreo"','0.15*0.1*0.05',150.0,1),
	 ('678901234567','Соки "J7"','0.2*0.2*0.3',1000.0,2),
	 ('789012345678','Газировка "Pepsi"','0.25*0.25*0.35',500.0,2),
	 ('890123456789','Энергетик "Red Bull"','0.2*0.2*0.3',250.0,2),
	 ('901234567890','Кофе "Nescafe"','0.15*0.1*0.05',200.0,2),
	 ('012345678901','Батончик "Mars"','0.1*0.05*0.01',55.0,1);
INSERT INTO public.products (barcode,"name",package_size,weight,category_id) VALUES
	 ('43143','Дошик','12',34,1),
	 ('4334','Лыжи','232',232,4),
	 ('232232','Вода','4334',434,5),
	 ('1212','лёд','34',3,7),
	 ('3222','корм','33',3,1),
	 ('23223','водка','343',34,5),
	 ('3434','вино','1212',12,5),
	 ('323243','булка','232',23232,1),
	 ('555','мяч','50',50,4);




INSERT INTO public.sales (user_id,total_sum,sale_date,address,phone_number) VALUES
	 (1,100.00,'2024-05-27','Москва','7981111111'),
	 (2,100.00,'2024-03-13','Москва','7853343323'),
	 (1,50.00,'2024-03-01','1111','11'),
	 (NULL,NULL,'2024-06-17',NULL,NULL),
	 (NULL,NULL,'2024-01-09',NULL,NULL),
	 (NULL,NULL,'2024-04-23',NULL,NULL),
	 (NULL,NULL,'2024-09-01',NULL,NULL),
	 (NULL,NULL,'2024-03-26',NULL,NULL),
	 (NULL,NULL,'2024-08-04',NULL,NULL),
	 (NULL,NULL,'2024-03-16',NULL,NULL);
INSERT INTO public.sales (user_id,total_sum,sale_date,address,phone_number) VALUES
	 (NULL,NULL,'2024-02-15',NULL,NULL),
	 (NULL,NULL,'2024-05-23',NULL,NULL),
	 (2,45.00,'2024-02-10','Москва','7981111111'),
	 (2,320.00,'2024-04-03','dgtaysgvdjba','3r621536512'),
	 (1,165.00,'2024-09-13','sdss','5555555'),
	 (1,160.00,'2024-05-04','dsfs','5555'),
	 (1,60.00,'2024-01-21','ывы','5555555'),
	 (1,100.00,'2024-12-14','ffd','4334'),
	 (9,70.00,'2024-12-23','1','111'),
	 (10,90.00,'2024-04-05','xcc2123','13232');
INSERT INTO public.sales (user_id,total_sum,sale_date,address,phone_number) VALUES
	 (10,90.00,'2024-05-14','выв','вывы'),
	 (10,90.00,'2024-03-04','выв','вывы'),
	 (10,45.00,'2025-04-30','ывы','ывы'),
	 (10,180.00,'2025-04-30','ыва','вава'),
	 (11,45.00,'2025-04-30','вы','ывы'),
	 (10,45.00,'2025-04-30','фв','фвы'),
	 (10,45.00,'2025-04-30','выывы','ывыв'),
	 (10,45.00,'2025-04-30','вывы','вывы'),
	 (10,135.00,'2025-04-30','вывы','вывы'),
	 (10,45.00,'2025-04-30','xc','xccx');
INSERT INTO public.sales (user_id,total_sum,sale_date,address,phone_number) VALUES
	 (10,45.00,'2025-04-30','xc','xccx'),
	 (10,45.00,'2025-04-30','xc','xccx'),
	 (10,45.00,'2025-04-30','xc','xccx'),
	 (10,55.00,'2024-01-20','dcdd','xcxcx');





INSERT INTO public.sales_details (sale_id,barcode,quantity,price_per_piece,total_price) VALUES
	 (1,'123456789012',2,50.00,100.00),
	 (2,'123456789012',2,50.00,100.00),
	 (3,'123456789012',1,50.00,50.00),
	 (4,'123456789012',1,NULL,NULL),
	 (5,'123456789012',1,NULL,NULL),
	 (17,'123456789012',1,NULL,NULL),
	 (18,'567890123456',3,NULL,NULL),
	 (18,'789012345678',3,NULL,NULL),
	 (19,'123456789012',1,NULL,NULL),
	 (20,'123456789012',1,NULL,NULL);
INSERT INTO public.sales_details (sale_id,barcode,quantity,price_per_piece,total_price) VALUES
	 (21,'234567890123',1,45.00,45.00),
	 (22,'456789012345',4,80.00,320.00),
	 (23,'345678901234',2,60.00,120.00),
	 (23,'234567890123',1,45.00,45.00),
	 (24,'234567890123',2,45.00,90.00),
	 (24,'567890123456',1,70.00,70.00),
	 (25,'345678901234',1,60.00,60.00),
	 (26,'890123456789',1,100.00,100.00),
	 (27,'567890123456',1,70.00,70.00),
	 (28,'678901234567',1,90.00,90.00);
INSERT INTO public.sales_details (sale_id,barcode,quantity,price_per_piece,total_price) VALUES
	 (29,'678901234567',1,90.00,90.00),
	 (30,'678901234567',1,90.00,90.00),
	 (31,'234567890123',1,45.00,45.00),
	 (32,'234567890123',4,45.00,180.00),
	 (33,'234567890123',1,45.00,45.00),
	 (34,'234567890123',1,45.00,45.00),
	 (35,'234567890123',1,45.00,45.00),
	 (36,'234567890123',1,45.00,45.00),
	 (37,'234567890123',3,45.00,135.00),
	 (38,'234567890123',1,45.00,45.00);
INSERT INTO public.sales_details (sale_id,barcode,quantity,price_per_piece,total_price) VALUES
	 (39,'234567890123',1,45.00,45.00),
	 (40,'234567890123',1,45.00,45.00),
	 (41,'234567890123',1,45.00,45.00),
	 (42,'012345678901',1,55.00,55.00);








INSERT INTO public.suppliers ("name",phone,address) VALUES
	 ('ООО "ПродуктыПлюс"','+7 495 123-45-67','Москва, ул. Ленина, д. 10'),
	 ('ЗАО "Вкусные Дары"','+7 812 234-56-78','Санкт-Петербург, ул. Пушкина, д. 20'),
	 ('ИП "Сити Продукт"','+7 831 345-67-89','Нижний Новгород, ул. Советская, д. 15'),
	 ('ООО "Питание и Удовольствие"','+7 863 456-78-90','Ростов-на-Дону, ул. Гагарина, д. 5'),
	 ('ЗАО "Сладкие Моменты"','+7 343 567-89-01','Екатеринбург, ул. Мира, д. 12'),
	 ('ИП "Товары для всех"','+7 495 678-90-12','Москва, ул. Тверская, д. 45'),
	 ('ООО "Свежие Продукты"','+7 831 789-01-23','Нижний Новгород, ул. Ленина, д. 7'),
	 ('ЗАО "Экологические продукты"','+7 863 890-12-34','Ростов-на-Дону, ул. Нахимова, д. 30'),
	 ('ИП "Качество и Удобство"','+7 343 901-23-45','Екатеринбург, ул. Белинского, д. 25'),
	 ('ООО "Еда с Любовью"','+7 812 012-34-56','Санкт-Петербург, ул. Некрасова, д. 8');
INSERT INTO public.suppliers ("name",phone,address) VALUES
	 ('ООО "ПродуктыПлю','+7 495 123-45-67','Москва, ул. Ленина, д. 10'),
	 ('ООО "ПродуктыПлюс"','+7 495 123-45-6','Москва, ул. Ленина, д. 10'),
	 ('ООО "ПродуктыПлюс"','+7 495 123-45-','Москва, ул. Ленина, д. 10'),
	 ('ООО "ПродуктыПл','+7 495 123-45-','Москва, ул. Ленина, д. 10');







INSERT INTO public.users (username,password_hash,"role",email,active) VALUES
	 ('projectt','$2b$12$k97.Ow36NDjSHMe1MloGbO3jwxgJbobytt2nz1BjLLD3ZDJ3HyNAu','admin','ilyaa@yandex.ru',true),
	 ('projecttt','$2b$12$CRkWPlpIja8.2sUM5ysAj./uyOF2YvdORAMP.hw3RAcPCj7Bjjao6','admin','ivan@yandex.ru',true),
	 ('dscdssd','$2b$12$iBc5RrMLO1KHEJtz.nh5Wujm7tFp2mJJDdp54sboBsdf1FDHEetVq','user','fsddfd',true),
	 ('project','$2b$12$Asc/KSXDukEOYTIN/FJuG.84ZfVzczi1qSXUiFS.s0grWPQ/at5Ue','user','ilya@yandex.ru',true),
	 ('projectttt','$2b$12$KoRBtml5DQFoxL2BFTtP4O4.KQww4gLcImrLoeIisWpJedCarz2D6','user','asas',true),
	 ('pro','$2b$12$hUBUU9wVl7/UxlJr5Jas3OvgualV9RDgC5tB/RTFcJhxWLUaUycvO','user','dddd',true),
	 ('prod','$2b$12$jmEfpR/koY5mAwXxV.Tq3.vtygzOKYX.gjbKsNlixbH0KvfiZy8Je','user','ddddd',true),
	 ('ilya','$2b$12$7.iPGF.ZroZ3e9IZPMboa.gGX4LPaLw6Dd63uM1vmV5vbcQ9QeJhe','user','Ilyalarin2004@yandex.ru',true),
	 ('ilya1','$2b$12$HEulehgIL3Eetqy6Ve0zVuIc52wc3X0OoKVTEr31PStnCsecGGaGq','user','2004@yandex.ru',true),
	 ('ilya11','$2b$12$Qwn/YURUGg76kUWWdFcjZ.mg0D9vV3i1zTzdxDxmzNvd/PfjgJl5W','user','sdsdsd',true);

